,Prediction
pred\1.png,not_cat
pred\10.png,cat
pred\11.png,not_cat
pred\12.png,cat
pred\13.png,cat
pred\14.png,not_cat
pred\15.png,not_cat
pred\16.png,cat
pred\17.png,cat
pred\18.png,cat
pred\19.png,not_cat
pred\2.png,cat
pred\20.png,not_cat
pred\209.png,not_cat
pred\21.png,cat
pred\210.png,not_cat
pred\211.png,cat
pred\212.png,cat
pred\213.png,cat
pred\214.png,cat
pred\215.png,cat
pred\216.png,cat
pred\217.png,cat
pred\218.png,not_cat
pred\219.png,cat
pred\22.png,not_cat
pred\220.png,not_cat
pred\221.png,not_cat
pred\222.png,cat
pred\223.png,cat
pred\224.png,cat
pred\225.png,not_cat
pred\226.png,cat
pred\227.png,not_cat
pred\228.png,not_cat
pred\229.png,not_cat
pred\23.png,cat
pred\230.png,cat
pred\231.png,cat
pred\232.png,cat
pred\233.png,cat
pred\234.png,cat
pred\235.png,not_cat
pred\236.png,cat
pred\237.png,not_cat
pred\238.png,cat
pred\239.png,cat
pred\24.png,not_cat
pred\240.png,not_cat
pred\241.png,cat
pred\242.png,cat
pred\243.png,cat
pred\244.png,cat
pred\245.png,cat
pred\246.png,cat
pred\247.png,not_cat
pred\248.png,not_cat
pred\249.png,cat
pred\25.png,not_cat
pred\250.png,cat
pred\251.png,cat
pred\252.png,cat
pred\253.png,cat
pred\254.png,not_cat
pred\255.png,not_cat
pred\256.png,cat
pred\257.png,not_cat
pred\258.png,not_cat
pred\259.png,not_cat
pred\26.png,not_cat
pred\260.png,not_cat
pred\261.png,cat
pred\262.png,not_cat
pred\263.png,not_cat
pred\264.png,cat
pred\265.png,not_cat
pred\266.png,not_cat
pred\267.png,cat
pred\268.png,cat
pred\269.png,cat
pred\27.png,cat
pred\270.png,cat
pred\271.png,not_cat
pred\272.png,not_cat
pred\273.png,not_cat
pred\274.png,cat
pred\275.png,cat
pred\276.png,not_cat
pred\277.png,not_cat
pred\278.png,not_cat
pred\279.png,not_cat
pred\28.png,cat
pred\280.png,not_cat
pred\281.png,cat
pred\282.png,cat
pred\283.png,not_cat
pred\284.png,cat
pred\285.png,not_cat
pred\286.png,not_cat
pred\287.png,not_cat
pred\288.png,not_cat
pred\289.png,not_cat
pred\29.png,not_cat
pred\290.png,cat
pred\291.png,not_cat
pred\292.png,not_cat
pred\293.png,not_cat
pred\294.png,not_cat
pred\295.png,not_cat
pred\296.png,cat
pred\297.png,not_cat
pred\298.png,cat
pred\299.png,not_cat
pred\3.png,cat
pred\30.png,not_cat
pred\300.png,not_cat
pred\301.png,cat
pred\302.png,not_cat
pred\303.png,not_cat
pred\304.png,cat
pred\305.png,cat
pred\306.png,not_cat
pred\307.png,not_cat
pred\308.png,cat
pred\309.png,not_cat
pred\31.png,not_cat
pred\310.png,cat
pred\311.png,cat
pred\312.png,cat
pred\313.png,cat
pred\314.png,cat
pred\315.png,not_cat
pred\316.png,not_cat
pred\317.png,cat
pred\318.png,not_cat
pred\319.png,not_cat
pred\32.png,cat
pred\320.png,cat
pred\321.png,cat
pred\322.png,not_cat
pred\323.png,not_cat
pred\324.png,not_cat
pred\325.png,cat
pred\326.png,not_cat
pred\327.png,not_cat
pred\328.png,cat
pred\329.png,cat
pred\33.png,not_cat
pred\330.png,not_cat
pred\331.png,cat
pred\332.png,cat
pred\333.png,not_cat
pred\334.png,cat
pred\335.png,not_cat
pred\336.png,cat
pred\337.png,not_cat
pred\338.png,not_cat
pred\339.png,not_cat
pred\34.png,not_cat
pred\340.png,not_cat
pred\341.png,not_cat
pred\342.png,cat
pred\343.png,cat
pred\344.png,not_cat
pred\345.png,cat
pred\346.png,cat
pred\347.png,not_cat
pred\348.png,cat
pred\349.png,not_cat
pred\35.png,not_cat
pred\350.png,not_cat
pred\351.png,not_cat
pred\352.png,cat
pred\353.png,not_cat
pred\354.png,cat
pred\355.png,not_cat
pred\356.png,cat
pred\357.png,cat
pred\358.png,cat
pred\359.png,not_cat
pred\36.png,not_cat
pred\360.png,not_cat
pred\361.png,cat
pred\362.png,not_cat
pred\363.png,cat
pred\364.png,not_cat
pred\365.png,cat
pred\366.png,cat
pred\367.png,not_cat
pred\368.png,cat
pred\369.png,cat
pred\37.png,cat
pred\370.png,cat
pred\371.png,not_cat
pred\372.png,cat
pred\373.png,not_cat
pred\374.png,not_cat
pred\375.png,cat
pred\376.png,cat
pred\377.png,cat
pred\378.png,cat
pred\379.png,cat
pred\38.png,cat
pred\380.png,not_cat
pred\381.png,cat
pred\382.png,not_cat
pred\383.png,cat
pred\384.png,not_cat
pred\385.png,cat
pred\386.png,not_cat
pred\387.png,not_cat
pred\388.png,not_cat
pred\389.png,not_cat
pred\39.png,cat
pred\390.png,not_cat
pred\391.png,cat
pred\392.png,cat
pred\393.png,not_cat
pred\394.png,not_cat
pred\395.png,cat
pred\396.png,cat
pred\397.png,not_cat
pred\398.png,not_cat
pred\399.png,cat
pred\4.png,not_cat
pred\400.png,not_cat
pred\5.png,not_cat
pred\6.png,cat
pred\7.png,cat
pred\8.png,not_cat
pred\9.png,cat
pred\d1.png,not_cat
pred\d10.png,not_cat
pred\d11.png,cat
pred\d12.png,not_cat
pred\d13.png,not_cat
pred\d14.png,not_cat
pred\d15.png,cat
pred\d16.png,not_cat
pred\d17.png,not_cat
pred\d18.png,not_cat
pred\d19.png,not_cat
pred\d2.png,not_cat
pred\d20.png,not_cat
pred\d206.png,not_cat
pred\d207.png,not_cat
pred\d208.png,not_cat
pred\d209.png,cat
pred\d21.png,not_cat
pred\d210.png,cat
pred\d211.png,cat
pred\d212.png,cat
pred\d213.png,cat
pred\d214.png,not_cat
pred\d215.png,not_cat
pred\d216.png,not_cat
pred\d217.png,cat
pred\d218.png,not_cat
pred\d219.png,not_cat
pred\d22.png,not_cat
pred\d220.png,not_cat
pred\d221.png,not_cat
pred\d222.png,cat
pred\d223.png,cat
pred\d224.png,cat
pred\d225.png,not_cat
pred\d226.png,not_cat
pred\d227.png,not_cat
pred\d228.png,not_cat
pred\d229.png,cat
pred\d23.png,not_cat
pred\d230.png,cat
pred\d231.png,not_cat
pred\d232.png,cat
pred\d233.png,cat
pred\d234.png,not_cat
pred\d235.png,not_cat
pred\d236.png,cat
pred\d237.png,not_cat
pred\d238.png,cat
pred\d239.png,not_cat
pred\d24.png,not_cat
pred\d240.png,cat
pred\d241.png,cat
pred\d242.png,not_cat
pred\d243.png,not_cat
pred\d244.png,not_cat
pred\d245.png,cat
pred\d246.png,not_cat
pred\d247.png,not_cat
pred\d248.png,cat
pred\d249.png,cat
pred\d25.png,not_cat
pred\d250.png,not_cat
pred\d251.png,not_cat
pred\d252.png,cat
pred\d253.png,cat
pred\d254.png,cat
pred\d255.png,cat
pred\d256.png,not_cat
pred\d257.png,cat
pred\d258.png,cat
pred\d259.png,not_cat
pred\d26.png,not_cat
pred\d260.png,cat
pred\d261.png,cat
pred\d262.png,not_cat
pred\d263.png,not_cat
pred\d264.png,cat
pred\d265.png,cat
pred\d266.png,cat
pred\d267.png,cat
pred\d268.png,not_cat
pred\d269.png,not_cat
pred\d27.png,cat
pred\d270.png,not_cat
pred\d271.png,cat
pred\d272.png,not_cat
pred\d273.png,cat
pred\d274.png,not_cat
pred\d275.png,not_cat
pred\d276.png,not_cat
pred\d277.png,not_cat
pred\d278.png,cat
pred\d279.png,not_cat
pred\d28.png,cat
pred\d280.png,not_cat
pred\d281.png,not_cat
pred\d282.png,not_cat
pred\d283.png,not_cat
pred\d284.png,not_cat
pred\d285.png,not_cat
pred\d286.png,not_cat
pred\d287.png,not_cat
pred\d288.png,not_cat
pred\d289.png,cat
pred\d29.png,cat
pred\d290.png,not_cat
pred\d291.png,cat
pred\d292.png,cat
pred\d293.png,cat
pred\d294.png,cat
pred\d295.png,not_cat
pred\d296.png,not_cat
pred\d297.png,not_cat
pred\d298.png,not_cat
pred\d299.png,not_cat
pred\d3.png,not_cat
pred\d30.png,not_cat
pred\d300.png,not_cat
pred\d301.png,not_cat
pred\d302.png,not_cat
pred\d303.png,not_cat
pred\d304.png,not_cat
pred\d305.png,not_cat
pred\d306.png,cat
pred\d307.png,not_cat
pred\d308.png,not_cat
pred\d309.png,not_cat
pred\d31.png,cat
pred\d310.png,cat
pred\d311.png,not_cat
pred\d312.png,not_cat
pred\d313.png,cat
pred\d314.png,cat
pred\d315.png,cat
pred\d316.png,cat
pred\d317.png,cat
pred\d318.png,cat
pred\d319.png,cat
pred\d32.png,not_cat
pred\d320.png,cat
pred\d321.png,cat
pred\d322.png,cat
pred\d323.png,not_cat
pred\d324.png,cat
pred\d325.png,cat
pred\d326.png,cat
pred\d327.png,cat
pred\d328.png,cat
pred\d329.png,not_cat
pred\d33.png,not_cat
pred\d330.png,not_cat
pred\d331.png,cat
pred\d332.png,not_cat
pred\d333.png,not_cat
pred\d334.png,cat
pred\d335.png,cat
pred\d336.png,cat
pred\d337.png,not_cat
pred\d338.png,cat
pred\d339.png,not_cat
pred\d34.png,cat
pred\d340.png,not_cat
pred\d341.png,cat
pred\d342.png,cat
pred\d343.png,cat
pred\d344.png,not_cat
pred\d345.png,cat
pred\d346.png,cat
pred\d347.png,not_cat
pred\d348.png,cat
pred\d349.png,cat
pred\d35.png,cat
pred\d350.png,cat
pred\d351.png,cat
pred\d352.png,not_cat
pred\d353.png,not_cat
pred\d354.png,not_cat
pred\d355.png,cat
pred\d356.png,cat
pred\d357.png,not_cat
pred\d358.png,cat
pred\d359.png,cat
pred\d36.png,not_cat
pred\d360.png,not_cat
pred\d361.png,cat
pred\d362.png,not_cat
pred\d363.png,cat
pred\d364.png,not_cat
pred\d365.png,not_cat
pred\d366.png,not_cat
pred\d367.png,not_cat
pred\d368.png,cat
pred\d369.png,not_cat
pred\d37.png,not_cat
pred\d370.png,not_cat
pred\d371.png,cat
pred\d372.png,not_cat
pred\d373.png,not_cat
pred\d374.png,cat
pred\d375.png,not_cat
pred\d376.png,not_cat
pred\d377.png,not_cat
pred\d378.png,not_cat
pred\d379.png,cat
pred\d38.png,not_cat
pred\d380.png,cat
pred\d381.png,not_cat
pred\d382.png,cat
pred\d383.png,not_cat
pred\d384.png,cat
pred\d385.png,not_cat
pred\d386.png,cat
pred\d387.png,not_cat
pred\d388.png,cat
pred\d389.png,not_cat
pred\d39.png,not_cat
pred\d390.png,not_cat
pred\d391.png,cat
pred\d392.png,cat
pred\d393.png,not_cat
pred\d394.png,not_cat
pred\d395.png,not_cat
pred\d396.png,not_cat
pred\d397.png,not_cat
pred\d398.png,cat
pred\d399.png,not_cat
pred\d4.png,not_cat
pred\d40.png,not_cat
pred\d400.png,not_cat
pred\d41.png,cat
pred\d42.png,not_cat
pred\d43.png,cat
pred\d44.png,not_cat
pred\d45.png,not_cat
pred\d46.png,cat
pred\d47.png,cat
pred\d48.png,cat
pred\d49.png,cat
pred\d5.png,not_cat
pred\d50.png,not_cat
pred\d51.png,not_cat
pred\d52.png,cat
pred\d53.png,not_cat
pred\d54.png,not_cat
pred\d55.png,cat
pred\d56.png,not_cat
pred\d57.png,cat
pred\d58.png,not_cat
pred\d59.png,not_cat
pred\d6.png,cat
pred\d60.png,cat
pred\d61.png,not_cat
pred\d62.png,not_cat
pred\d63.png,not_cat
pred\d64.png,not_cat
pred\d65.png,cat
pred\d66.png,cat
pred\d67.png,not_cat
pred\d68.png,not_cat
pred\d69.png,not_cat
pred\d7.png,cat
pred\d70.png,not_cat
pred\d71.png,cat
pred\d72.png,cat
pred\d73.png,cat
pred\d74.png,cat
pred\d75.png,cat
pred\d76.png,not_cat
pred\d77.png,cat
pred\d78.png,not_cat
pred\d79.png,not_cat
pred\d8.png,cat
pred\d80.png,not_cat
pred\d81.png,not_cat
pred\d82.png,not_cat
pred\d83.png,not_cat
pred\d84.png,not_cat
pred\d9.png,not_cat
pred\g1.png,not_cat
pred\g10.png,cat
pred\g100.png,not_cat
pred\g11.png,cat
pred\g12.png,not_cat
pred\g13.png,not_cat
pred\g14.png,not_cat
pred\g15.png,not_cat
pred\g16.png,cat
pred\g17.png,cat
pred\g18.png,cat
pred\g19.png,cat
pred\g2.png,not_cat
pred\g20.png,cat
pred\g21.png,not_cat
pred\g22.png,not_cat
pred\g23.png,not_cat
pred\g24.png,not_cat
pred\g25.png,cat
pred\g26.png,not_cat
pred\g27.png,not_cat
pred\g28.png,not_cat
pred\g29.png,not_cat
pred\g3.png,not_cat
pred\g30.png,not_cat
pred\g31.png,cat
pred\g32.png,cat
pred\g33.png,cat
pred\g34.png,not_cat
pred\g35.png,cat
pred\g36.png,not_cat
pred\g37.png,not_cat
pred\g38.png,not_cat
pred\g39.png,not_cat
pred\g4.png,cat
pred\g40.png,cat
pred\g41.png,not_cat
pred\g42.png,cat
pred\g43.png,not_cat
pred\g44.png,not_cat
pred\g45.png,cat
pred\g46.png,cat
pred\g47.png,cat
pred\g48.png,cat
pred\g49.png,not_cat
pred\g5.png,not_cat
pred\g50.png,cat
pred\g51.png,cat
pred\g52.png,cat
pred\g53.png,not_cat
pred\g54.png,not_cat
pred\g55.png,not_cat
pred\g56.png,cat
pred\g57.png,cat
pred\g58.png,cat
pred\g59.png,cat
pred\g6.png,not_cat
pred\g60.png,cat
pred\g61.png,not_cat
pred\g62.png,not_cat
pred\g63.png,cat
pred\g64.png,cat
pred\g65.png,not_cat
pred\g66.png,not_cat
pred\g67.png,not_cat
pred\g68.png,cat
pred\g69.png,cat
pred\g7.png,cat
pred\g70.png,not_cat
pred\g71.png,cat
pred\g72.png,not_cat
pred\g73.png,not_cat
pred\g74.png,cat
pred\g75.png,cat
pred\g76.png,cat
pred\g77.png,not_cat
pred\g78.png,cat
pred\g79.png,not_cat
pred\g8.png,cat
pred\g80.png,not_cat
pred\g81.png,cat
pred\g82.png,not_cat
pred\g83.png,cat
pred\g84.png,not_cat
pred\g85.png,cat
pred\g86.png,not_cat
pred\g87.png,cat
pred\g88.png,not_cat
pred\g89.png,cat
pred\g9.png,cat
pred\g90.png,cat
pred\g91.png,not_cat
pred\g92.png,cat
pred\g93.png,not_cat
pred\g94.png,cat
pred\g95.png,cat
pred\g96.png,not_cat
pred\g97.png,cat
pred\g98.png,not_cat
pred\g99.png,cat
pred\t1.png,not_cat
pred\t10.png,not_cat
pred\t100.png,not_cat
pred\t11.png,cat
pred\t12.png,cat
pred\t13.png,not_cat
pred\t14.png,not_cat
pred\t15.png,not_cat
pred\t16.png,cat
pred\t17.png,not_cat
pred\t18.png,cat
pred\t19.png,cat
pred\t2.png,cat
pred\t20.png,cat
pred\t21.png,not_cat
pred\t22.png,not_cat
pred\t23.png,cat
pred\t24.png,not_cat
pred\t25.png,not_cat
pred\t26.png,not_cat
pred\t27.png,not_cat
pred\t28.png,cat
pred\t29.png,cat
pred\t3.png,cat
pred\t30.png,not_cat
pred\t31.png,cat
pred\t32.png,cat
pred\t33.png,cat
pred\t34.png,cat
pred\t35.png,cat
pred\t36.png,not_cat
pred\t37.png,not_cat
pred\t38.png,not_cat
pred\t39.png,not_cat
pred\t4.png,not_cat
pred\t40.png,cat
pred\t41.png,not_cat
pred\t42.png,cat
pred\t43.png,not_cat
pred\t44.png,not_cat
pred\t45.png,not_cat
pred\t46.png,not_cat
pred\t47.png,not_cat
pred\t48.png,cat
pred\t49.png,cat
pred\t5.png,cat
pred\t50.png,cat
pred\t51.png,cat
pred\t52.png,cat
pred\t53.png,not_cat
pred\t54.png,cat
pred\t55.png,not_cat
pred\t56.png,not_cat
pred\t57.png,cat
pred\t58.png,not_cat
pred\t59.png,cat
pred\t6.png,not_cat
pred\t60.png,cat
pred\t61.png,not_cat
pred\t62.png,cat
pred\t63.png,cat
pred\t64.png,not_cat
pred\t65.png,cat
pred\t66.png,cat
pred\t67.png,not_cat
pred\t68.png,cat
pred\t69.png,cat
pred\t7.png,cat
pred\t70.png,not_cat
pred\t71.png,cat
pred\t72.png,cat
pred\t73.png,cat
pred\t74.png,not_cat
pred\t75.png,cat
pred\t76.png,not_cat
pred\t77.png,not_cat
pred\t78.png,cat
pred\t79.png,cat
pred\t8.png,cat
pred\t80.png,cat
pred\t81.png,cat
pred\t82.png,cat
pred\t83.png,not_cat
pred\t84.png,cat
pred\t85.png,not_cat
pred\t86.png,not_cat
pred\t87.png,not_cat
pred\t88.png,cat
pred\t89.png,cat
pred\t9.png,not_cat
pred\t90.png,cat
pred\t91.png,cat
pred\t92.png,cat
pred\t93.png,cat
pred\t94.png,cat
pred\t95.png,not_cat
pred\t96.png,cat
pred\t97.png,cat
pred\t98.png,not_cat
pred\t99.png,cat
